{
  "name": "Israeli Advocacy Network",
  "short_name": "IAN",
  "description": "מערך ההסברה Roblox ישראל - חדשות, עדכונים ומיתוסים מול עובדות.",
  "lang": "he",
  "dir": "rtl",
  "start_url": "/index.html",
  "display": "standalone",
  "background_color": "#ffffff",
  "theme_color": "#2563eb",
  "orientation": "portrait",
  "scope": "/",
  "icons": [
    {
      "src": "/icons/icon-192x192.png",
      "sizes": "192x192",
      "type": "image/png",
      "purpose": "any maskable"
    },
    {
      "src": "/icons/icon-512x512.png",
      "sizes": "512x512",
      "type": "image/png",
      "purpose": "any maskable"
    }
  ],
  "screenshots": [
    {
      "src": "/screenshots/screenshot1.png",
      "sizes": "540x720",
      "type": "image/png"
    },
    {
      "src": "/screenshots/screenshot2.png",
      "sizes": "540x720",
      "type": "image/png"
    }
  ],
  "categories": ["education", "social", "news"],
  "prefer_related_applications": false
}
